and,14
the,13
to,10
in,6
a,6
technology,5
it,5
is,5
of,4
for,4
as,4
are,4
access,4
we,3
our,3
learning,3
from,3
with,2
that,2
sustainability,2
society,2
smart,2
same,2
role,2
remote,2
opportunities,2
on,2
now,2
not,2
innovation,2
have,2
global,2
gap,2
ethical,2
environmental,2
education,2
digital,2
data,2
but,2
at,2
also,2
addressing,2
world,1
work,1
where,1
water,1
virtual,1
vehicles,1
vast,1
use,1
urban,1
unprecedented,1
undergoing,1
ultimately,1
transformation,1
toward,1
tools,1
tool,1
todays,1
time,1
those,1
this,1
these,1
than,1
technologies,1
technological,1
sword,1
sustainable,1
surrounding,1
students,1
sources,1
social,1
smartphones,1
skills,1
significant,1
shaping,1
service,1
serves,1
sectors,1
routines,1
revolutionized,1
responsibly,1
resources,1
requires,1
required,1
renewable,1
remains,1
reduce,1
rather,1
rapidly,1
raises,1
questions,1
quality,1
pursue,1
provides,1
products,1
private,1
privacy,1
posed,1
plays,1
platforms,1
pivotal,1
people,1
patterns,1
or,1
optimize,1
operations,1
only,1
online,1
offers,1
nonprofits,1
new,1
modules,1
minimal,1
management,1
making,1
make,1
machines,1
machine,1
look,1
live,1
leveraging,1
learn,1
job,1
into,1
intervention,1
internet,1
interactive,1
intelligence,1
integrated,1
innovations,1
information,1
increasingly,1
inclusivity,1
inclusion,1
improve,1
imperative,1
impact,1
identify,1
human,1
how,1
homes,1
helping,1
has,1
growth,1
grow,1
grids,1
governments,1
good,1
globe,1
future,1
fuels,1
fossil,1
forefront,1
focus,1
facilitates,1
expanded,1
exclusion,1
evolving,1
everyone,1
equal,1
ensure,1
energy,1
enable,1
electric,1
efforts,1
effectively,1
educational,1
due,1
doubleedged,1
divide,1
displacement,1
development,1
develop,1
despite,1
dependence,1
decisions,1
daily,1
customer,1
crucial,1
coordinated,1
continue,1
connectivity,1
concerns,1
complex,1
communities,1
communicate,1
common,1
collaboration,1
climate,1
classrooms,1
change,1
challenges,1
challenge,1
centers,1
can,1
by,1
businesses,1
bridging,1
bias,1
between,1
benefits,1
becomes,1
artificial,1
around,1
areas,1
area,1
another,1
an,1
amounts,1
algorithmic,1
ai,1
agriculture,1
advancements,1
